subscriber_id,email,age,gender,location
1,subscriber1@example.com,56,Male,Kuala Lumpur
2,subscriber2@example.com,46,Female,Penang
3,subscriber3@example.com,32,Female,Kuala Lumpur
4,subscriber4@example.com,60,Female,Kuala Lumpur
5,subscriber5@example.com,25,Male,Kuala Lumpur
6,subscriber6@example.com,38,Male,Kuala Lumpur
7,subscriber7@example.com,56,Male,Selangor
8,subscriber8@example.com,36,Male,Selangor
9,subscriber9@example.com,40,Male,Penang
10,subscriber10@example.com,28,Male,Selangor
11,subscriber11@example.com,28,Male,Selangor
12,subscriber12@example.com,41,Male,Penang
13,subscriber13@example.com,53,Female,Penang
14,subscriber14@example.com,57,Female,Penang
15,subscriber15@example.com,41,Male,Selangor
16,subscriber16@example.com,20,Male,Selangor
17,subscriber17@example.com,39,Female,Penang
18,subscriber18@example.com,19,Male,Kuala Lumpur
19,subscriber19@example.com,41,Male,Penang
20,subscriber20@example.com,61,Male,Kuala Lumpur
21,subscriber21@example.com,47,Female,Kuala Lumpur
22,subscriber22@example.com,55,Female,Penang
23,subscriber23@example.com,19,Female,Penang
24,subscriber24@example.com,38,Female,Penang
25,subscriber25@example.com,50,Female,Selangor
26,subscriber26@example.com,29,Male,Kuala Lumpur
27,subscriber27@example.com,39,Female,Selangor
28,subscriber28@example.com,61,Male,Selangor
29,subscriber29@example.com,42,Male,Penang
30,subscriber30@example.com,44,Female,Selangor
31,subscriber31@example.com,59,Female,Penang
32,subscriber32@example.com,45,Male,Kuala Lumpur
33,subscriber33@example.com,33,Male,Penang
34,subscriber34@example.com,32,Male,Selangor
35,subscriber35@example.com,64,Female,Selangor
36,subscriber36@example.com,61,Female,Penang
37,subscriber37@example.com,20,Female,Penang
38,subscriber38@example.com,54,Female,Selangor
39,subscriber39@example.com,24,Female,Kuala Lumpur
40,subscriber40@example.com,38,Male,Kuala Lumpur
41,subscriber41@example.com,26,Female,Penang
42,subscriber42@example.com,56,Male,Kuala Lumpur
43,subscriber43@example.com,35,Male,Selangor
44,subscriber44@example.com,21,Male,Penang
45,subscriber45@example.com,42,Female,Selangor
46,subscriber46@example.com,31,Female,Selangor
47,subscriber47@example.com,26,Female,Kuala Lumpur
48,subscriber48@example.com,43,Male,Penang
49,subscriber49@example.com,19,Male,Penang
50,subscriber50@example.com,37,Male,Kuala Lumpur
51,subscriber51@example.com,45,Male,Selangor
52,subscriber52@example.com,64,Male,Selangor
53,subscriber53@example.com,24,Male,Selangor
54,subscriber54@example.com,61,Female,Selangor
55,subscriber55@example.com,25,Female,Penang
56,subscriber56@example.com,64,Female,Penang
57,subscriber57@example.com,52,Female,Kuala Lumpur
58,subscriber58@example.com,31,Male,Kuala Lumpur
59,subscriber59@example.com,34,Male,Penang
60,subscriber60@example.com,53,Female,Penang
61,subscriber61@example.com,57,Male,Selangor
62,subscriber62@example.com,21,Female,Selangor
63,subscriber63@example.com,19,Female,Kuala Lumpur
64,subscriber64@example.com,23,Female,Penang
65,subscriber65@example.com,59,Male,Kuala Lumpur
66,subscriber66@example.com,21,Female,Penang
67,subscriber67@example.com,46,Female,Selangor
68,subscriber68@example.com,35,Female,Kuala Lumpur
69,subscriber69@example.com,43,Male,Kuala Lumpur
70,subscriber70@example.com,61,Male,Penang
71,subscriber71@example.com,51,Female,Selangor
72,subscriber72@example.com,27,Male,Kuala Lumpur
73,subscriber73@example.com,53,Male,Selangor
74,subscriber74@example.com,31,Male,Kuala Lumpur
75,subscriber75@example.com,48,Male,Selangor
76,subscriber76@example.com,32,Male,Penang
77,subscriber77@example.com,25,Male,Kuala Lumpur
78,subscriber78@example.com,31,Male,Kuala Lumpur
79,subscriber79@example.com,40,Male,Selangor
80,subscriber80@example.com,57,Male,Selangor
81,subscriber81@example.com,38,Male,Kuala Lumpur
82,subscriber82@example.com,33,Female,Penang
83,subscriber83@example.com,62,Female,Selangor
84,subscriber84@example.com,35,Male,Selangor
85,subscriber85@example.com,64,Female,Selangor
86,subscriber86@example.com,41,Female,Kuala Lumpur
87,subscriber87@example.com,43,Male,Kuala Lumpur
88,subscriber88@example.com,42,Male,Kuala Lumpur
89,subscriber89@example.com,62,Male,Kuala Lumpur
90,subscriber90@example.com,58,Female,Penang
91,subscriber91@example.com,46,Female,Penang
92,subscriber92@example.com,32,Male,Kuala Lumpur
93,subscriber93@example.com,62,Male,Penang
94,subscriber94@example.com,18,Male,Selangor
95,subscriber95@example.com,42,Female,Selangor
96,subscriber96@example.com,24,Female,Selangor
97,subscriber97@example.com,26,Female,Kuala Lumpur
98,subscriber98@example.com,41,Female,Selangor
99,subscriber99@example.com,18,Male,Penang
100,subscriber100@example.com,61,Male,Kuala Lumpur
101,subscriber101@example.com,25,Male,Penang
102,subscriber102@example.com,41,Male,Selangor
103,subscriber103@example.com,28,Female,Selangor
104,subscriber104@example.com,34,Female,Selangor
105,subscriber105@example.com,25,Male,Kuala Lumpur
106,subscriber106@example.com,52,Male,Penang
107,subscriber107@example.com,52,Female,Kuala Lumpur
108,subscriber108@example.com,50,Male,Kuala Lumpur
109,subscriber109@example.com,22,Female,Selangor
110,subscriber110@example.com,59,Male,Kuala Lumpur
111,subscriber111@example.com,56,Male,Kuala Lumpur
112,subscriber112@example.com,58,Male,Selangor
113,subscriber113@example.com,45,Male,Kuala Lumpur
114,subscriber114@example.com,24,Male,Selangor
115,subscriber115@example.com,26,Male,Selangor
116,subscriber116@example.com,25,Male,Selangor
117,subscriber117@example.com,29,Female,Selangor
118,subscriber118@example.com,51,Female,Kuala Lumpur
119,subscriber119@example.com,50,Female,Selangor
120,subscriber120@example.com,40,Female,Selangor
121,subscriber121@example.com,41,Female,Kuala Lumpur
122,subscriber122@example.com,54,Male,Kuala Lumpur
123,subscriber123@example.com,52,Male,Penang
124,subscriber124@example.com,61,Female,Kuala Lumpur
125,subscriber125@example.com,57,Male,Kuala Lumpur
126,subscriber126@example.com,39,Female,Penang
127,subscriber127@example.com,44,Female,Kuala Lumpur
128,subscriber128@example.com,52,Male,Kuala Lumpur
129,subscriber129@example.com,18,Male,Kuala Lumpur
130,subscriber130@example.com,52,Male,Kuala Lumpur
131,subscriber131@example.com,54,Female,Penang
132,subscriber132@example.com,64,Male,Kuala Lumpur
133,subscriber133@example.com,31,Female,Kuala Lumpur
134,subscriber134@example.com,20,Female,Penang
135,subscriber135@example.com,18,Female,Selangor
136,subscriber136@example.com,22,Male,Penang
137,subscriber137@example.com,43,Male,Selangor
138,subscriber138@example.com,31,Female,Penang
139,subscriber139@example.com,56,Male,Penang
140,subscriber140@example.com,44,Male,Kuala Lumpur
141,subscriber141@example.com,26,Male,Selangor
142,subscriber142@example.com,32,Female,Kuala Lumpur
143,subscriber143@example.com,32,Female,Selangor
144,subscriber144@example.com,43,Male,Penang
145,subscriber145@example.com,59,Female,Penang
146,subscriber146@example.com,30,Male,Selangor
147,subscriber147@example.com,49,Male,Kuala Lumpur
148,subscriber148@example.com,56,Male,Kuala Lumpur
149,subscriber149@example.com,49,Male,Kuala Lumpur
150,subscriber150@example.com,21,Female,Kuala Lumpur
151,subscriber151@example.com,47,Female,Penang
152,subscriber152@example.com,54,Female,Penang
153,subscriber153@example.com,40,Male,Penang
154,subscriber154@example.com,56,Male,Penang
155,subscriber155@example.com,62,Male,Penang
156,subscriber156@example.com,32,Female,Kuala Lumpur
157,subscriber157@example.com,60,Male,Kuala Lumpur
158,subscriber158@example.com,46,Female,Kuala Lumpur
159,subscriber159@example.com,53,Female,Kuala Lumpur
160,subscriber160@example.com,30,Female,Penang
161,subscriber161@example.com,49,Female,Penang
162,subscriber162@example.com,24,Female,Penang
163,subscriber163@example.com,39,Female,Selangor
164,subscriber164@example.com,45,Male,Kuala Lumpur
165,subscriber165@example.com,19,Male,Kuala Lumpur
166,subscriber166@example.com,59,Female,Penang
167,subscriber167@example.com,62,Female,Kuala Lumpur
168,subscriber168@example.com,23,Male,Kuala Lumpur
169,subscriber169@example.com,45,Female,Penang
170,subscriber170@example.com,45,Female,Selangor
171,subscriber171@example.com,61,Male,Selangor
172,subscriber172@example.com,61,Female,Selangor
173,subscriber173@example.com,37,Female,Penang
174,subscriber174@example.com,47,Female,Kuala Lumpur
175,subscriber175@example.com,28,Male,Penang
176,subscriber176@example.com,45,Male,Penang
177,subscriber177@example.com,42,Male,Kuala Lumpur
178,subscriber178@example.com,56,Female,Selangor
179,subscriber179@example.com,50,Female,Selangor
180,subscriber180@example.com,18,Male,Penang
181,subscriber181@example.com,44,Female,Selangor
182,subscriber182@example.com,30,Female,Penang
183,subscriber183@example.com,58,Female,Penang
184,subscriber184@example.com,20,Female,Kuala Lumpur
185,subscriber185@example.com,56,Female,Kuala Lumpur
186,subscriber186@example.com,23,Male,Kuala Lumpur
187,subscriber187@example.com,25,Female,Penang
188,subscriber188@example.com,44,Male,Kuala Lumpur
189,subscriber189@example.com,26,Female,Selangor
190,subscriber190@example.com,54,Male,Selangor
191,subscriber191@example.com,50,Female,Penang
192,subscriber192@example.com,59,Male,Penang
193,subscriber193@example.com,61,Female,Kuala Lumpur
194,subscriber194@example.com,41,Male,Penang
195,subscriber195@example.com,32,Female,Penang
196,subscriber196@example.com,49,Male,Selangor
197,subscriber197@example.com,49,Female,Selangor
198,subscriber198@example.com,41,Male,Kuala Lumpur
199,subscriber199@example.com,58,Male,Penang
200,subscriber200@example.com,29,Female,Penang
201,subscriber201@example.com,56,Female,Selangor
202,subscriber202@example.com,19,Male,Penang
203,subscriber203@example.com,20,Female,Selangor
204,subscriber204@example.com,54,Male,Kuala Lumpur
205,subscriber205@example.com,34,Male,Selangor
206,subscriber206@example.com,19,Male,Penang
207,subscriber207@example.com,19,Female,Kuala Lumpur
208,subscriber208@example.com,45,Male,Selangor
209,subscriber209@example.com,40,Male,Selangor
210,subscriber210@example.com,54,Female,Kuala Lumpur
211,subscriber211@example.com,49,Female,Kuala Lumpur
212,subscriber212@example.com,50,Female,Selangor
213,subscriber213@example.com,18,Female,Penang
214,subscriber214@example.com,36,Male,Selangor
215,subscriber215@example.com,19,Male,Kuala Lumpur
216,subscriber216@example.com,61,Male,Selangor
217,subscriber217@example.com,43,Male,Kuala Lumpur
218,subscriber218@example.com,49,Female,Kuala Lumpur
219,subscriber219@example.com,23,Male,Penang
220,subscriber220@example.com,49,Male,Kuala Lumpur
221,subscriber221@example.com,21,Female,Kuala Lumpur
222,subscriber222@example.com,28,Male,Penang
223,subscriber223@example.com,34,Male,Kuala Lumpur
224,subscriber224@example.com,55,Male,Penang
225,subscriber225@example.com,41,Male,Penang
226,subscriber226@example.com,22,Male,Kuala Lumpur
227,subscriber227@example.com,51,Male,Kuala Lumpur
228,subscriber228@example.com,23,Female,Selangor
229,subscriber229@example.com,39,Female,Penang
230,subscriber230@example.com,28,Male,Selangor
231,subscriber231@example.com,33,Male,Kuala Lumpur
232,subscriber232@example.com,50,Female,Selangor
233,subscriber233@example.com,26,Male,Penang
234,subscriber234@example.com,23,Male,Selangor
235,subscriber235@example.com,33,Male,Penang
236,subscriber236@example.com,46,Female,Kuala Lumpur
237,subscriber237@example.com,20,Male,Kuala Lumpur
238,subscriber238@example.com,37,Female,Penang
239,subscriber239@example.com,53,Male,Kuala Lumpur
240,subscriber240@example.com,36,Female,Kuala Lumpur
241,subscriber241@example.com,43,Female,Kuala Lumpur
242,subscriber242@example.com,20,Male,Kuala Lumpur
243,subscriber243@example.com,36,Female,Penang
244,subscriber244@example.com,37,Male,Selangor
245,subscriber245@example.com,49,Female,Selangor
246,subscriber246@example.com,24,Male,Kuala Lumpur
247,subscriber247@example.com,58,Male,Selangor
248,subscriber248@example.com,50,Female,Selangor
249,subscriber249@example.com,57,Male,Kuala Lumpur
250,subscriber250@example.com,56,Male,Kuala Lumpur
251,subscriber251@example.com,35,Female,Selangor
252,subscriber252@example.com,57,Male,Penang
253,subscriber253@example.com,18,Male,Kuala Lumpur
254,subscriber254@example.com,28,Female,Penang
255,subscriber255@example.com,45,Female,Selangor
256,subscriber256@example.com,42,Male,Kuala Lumpur
257,subscriber257@example.com,40,Male,Penang
258,subscriber258@example.com,48,Female,Kuala Lumpur
259,subscriber259@example.com,47,Female,Selangor
260,subscriber260@example.com,59,Male,Penang
261,subscriber261@example.com,52,Female,Selangor
262,subscriber262@example.com,24,Male,Selangor
263,subscriber263@example.com,33,Male,Kuala Lumpur
264,subscriber264@example.com,43,Male,Penang
265,subscriber265@example.com,19,Male,Selangor
266,subscriber266@example.com,18,Male,Selangor
267,subscriber267@example.com,29,Female,Penang
268,subscriber268@example.com,22,Female,Selangor
269,subscriber269@example.com,54,Female,Selangor
270,subscriber270@example.com,49,Female,Penang
271,subscriber271@example.com,26,Male,Penang
272,subscriber272@example.com,58,Male,Penang
273,subscriber273@example.com,52,Male,Penang
274,subscriber274@example.com,36,Male,Kuala Lumpur
275,subscriber275@example.com,33,Female,Penang
276,subscriber276@example.com,20,Male,Kuala Lumpur
277,subscriber277@example.com,37,Male,Kuala Lumpur
278,subscriber278@example.com,41,Female,Kuala Lumpur
279,subscriber279@example.com,50,Female,Selangor
280,subscriber280@example.com,41,Female,Kuala Lumpur
281,subscriber281@example.com,28,Female,Kuala Lumpur
282,subscriber282@example.com,25,Male,Selangor
283,subscriber283@example.com,53,Male,Selangor
284,subscriber284@example.com,55,Female,Selangor
285,subscriber285@example.com,57,Male,Penang
286,subscriber286@example.com,37,Male,Selangor
287,subscriber287@example.com,52,Male,Selangor
288,subscriber288@example.com,42,Female,Kuala Lumpur
289,subscriber289@example.com,52,Male,Selangor
290,subscriber290@example.com,42,Female,Penang
291,subscriber291@example.com,46,Male,Selangor
292,subscriber292@example.com,35,Male,Penang
293,subscriber293@example.com,63,Male,Selangor
294,subscriber294@example.com,35,Female,Selangor
295,subscriber295@example.com,19,Male,Selangor
296,subscriber296@example.com,52,Female,Selangor
297,subscriber297@example.com,33,Female,Penang
298,subscriber298@example.com,58,Female,Penang
299,subscriber299@example.com,53,Male,Kuala Lumpur
300,subscriber300@example.com,50,Male,Penang
301,subscriber301@example.com,21,Male,Selangor
302,subscriber302@example.com,50,Male,Kuala Lumpur
303,subscriber303@example.com,31,Female,Kuala Lumpur
304,subscriber304@example.com,38,Female,Kuala Lumpur
305,subscriber305@example.com,37,Female,Selangor
306,subscriber306@example.com,25,Male,Penang
307,subscriber307@example.com,24,Female,Selangor
308,subscriber308@example.com,20,Male,Kuala Lumpur
309,subscriber309@example.com,34,Female,Selangor
310,subscriber310@example.com,50,Male,Selangor
311,subscriber311@example.com,29,Male,Penang
312,subscriber312@example.com,39,Female,Penang
313,subscriber313@example.com,39,Female,Kuala Lumpur
314,subscriber314@example.com,63,Female,Selangor
315,subscriber315@example.com,47,Female,Selangor
316,subscriber316@example.com,55,Male,Penang
317,subscriber317@example.com,55,Female,Selangor
318,subscriber318@example.com,62,Female,Selangor
319,subscriber319@example.com,25,Female,Selangor
320,subscriber320@example.com,44,Male,Penang
321,subscriber321@example.com,44,Male,Kuala Lumpur
322,subscriber322@example.com,51,Female,Kuala Lumpur
323,subscriber323@example.com,38,Male,Selangor
324,subscriber324@example.com,47,Female,Kuala Lumpur
325,subscriber325@example.com,50,Male,Penang
326,subscriber326@example.com,45,Male,Penang
327,subscriber327@example.com,64,Male,Kuala Lumpur
328,subscriber328@example.com,50,Male,Kuala Lumpur
329,subscriber329@example.com,22,Female,Selangor
330,subscriber330@example.com,36,Female,Kuala Lumpur
331,subscriber331@example.com,21,Female,Selangor
332,subscriber332@example.com,52,Male,Selangor
333,subscriber333@example.com,34,Female,Penang
334,subscriber334@example.com,61,Female,Penang
335,subscriber335@example.com,45,Female,Penang
336,subscriber336@example.com,47,Male,Penang
337,subscriber337@example.com,46,Male,Kuala Lumpur
338,subscriber338@example.com,63,Male,Penang
339,subscriber339@example.com,23,Female,Kuala Lumpur
340,subscriber340@example.com,52,Female,Penang
341,subscriber341@example.com,58,Female,Kuala Lumpur
342,subscriber342@example.com,54,Male,Selangor
343,subscriber343@example.com,41,Male,Kuala Lumpur
344,subscriber344@example.com,46,Female,Kuala Lumpur
345,subscriber345@example.com,63,Male,Penang
346,subscriber346@example.com,48,Male,Kuala Lumpur
347,subscriber347@example.com,52,Male,Selangor
348,subscriber348@example.com,50,Male,Selangor
349,subscriber349@example.com,38,Female,Penang
350,subscriber350@example.com,49,Male,Selangor
351,subscriber351@example.com,40,Male,Kuala Lumpur
352,subscriber352@example.com,50,Male,Selangor
353,subscriber353@example.com,20,Male,Penang
354,subscriber354@example.com,35,Female,Kuala Lumpur
355,subscriber355@example.com,42,Female,Penang
356,subscriber356@example.com,59,Male,Kuala Lumpur
357,subscriber357@example.com,48,Male,Selangor
358,subscriber358@example.com,20,Male,Penang
359,subscriber359@example.com,57,Male,Penang
360,subscriber360@example.com,63,Male,Kuala Lumpur
361,subscriber361@example.com,41,Male,Penang
362,subscriber362@example.com,49,Female,Kuala Lumpur
363,subscriber363@example.com,64,Male,Kuala Lumpur
364,subscriber364@example.com,39,Female,Kuala Lumpur
365,subscriber365@example.com,40,Female,Kuala Lumpur
366,subscriber366@example.com,19,Male,Selangor
367,subscriber367@example.com,44,Female,Kuala Lumpur
368,subscriber368@example.com,59,Female,Penang
369,subscriber369@example.com,19,Female,Selangor
370,subscriber370@example.com,43,Female,Penang
371,subscriber371@example.com,34,Female,Selangor
372,subscriber372@example.com,57,Female,Kuala Lumpur
373,subscriber373@example.com,50,Male,Selangor
374,subscriber374@example.com,26,Female,Selangor
375,subscriber375@example.com,60,Female,Penang
376,subscriber376@example.com,56,Female,Penang
377,subscriber377@example.com,46,Male,Kuala Lumpur
378,subscriber378@example.com,59,Female,Selangor
379,subscriber379@example.com,43,Male,Selangor
380,subscriber380@example.com,52,Female,Selangor
381,subscriber381@example.com,42,Male,Kuala Lumpur
382,subscriber382@example.com,41,Male,Kuala Lumpur
383,subscriber383@example.com,30,Female,Kuala Lumpur
384,subscriber384@example.com,24,Female,Kuala Lumpur
385,subscriber385@example.com,53,Male,Kuala Lumpur
386,subscriber386@example.com,62,Female,Penang
387,subscriber387@example.com,37,Male,Selangor
388,subscriber388@example.com,18,Male,Selangor
389,subscriber389@example.com,25,Male,Selangor
390,subscriber390@example.com,63,Male,Selangor
391,subscriber391@example.com,33,Male,Selangor
392,subscriber392@example.com,31,Female,Selangor
393,subscriber393@example.com,29,Male,Selangor
394,subscriber394@example.com,40,Male,Selangor
395,subscriber395@example.com,32,Female,Penang
396,subscriber396@example.com,45,Male,Selangor
397,subscriber397@example.com,51,Female,Penang
398,subscriber398@example.com,19,Female,Kuala Lumpur
399,subscriber399@example.com,49,Female,Selangor
400,subscriber400@example.com,40,Male,Kuala Lumpur
401,subscriber401@example.com,39,Male,Kuala Lumpur
402,subscriber402@example.com,42,Male,Kuala Lumpur
403,subscriber403@example.com,39,Female,Penang
404,subscriber404@example.com,39,Male,Kuala Lumpur
405,subscriber405@example.com,59,Female,Kuala Lumpur
406,subscriber406@example.com,23,Male,Kuala Lumpur
407,subscriber407@example.com,32,Female,Selangor
408,subscriber408@example.com,60,Male,Selangor
409,subscriber409@example.com,54,Male,Penang
410,subscriber410@example.com,50,Male,Penang
411,subscriber411@example.com,25,Female,Selangor
412,subscriber412@example.com,61,Female,Penang
413,subscriber413@example.com,61,Male,Selangor
414,subscriber414@example.com,22,Male,Kuala Lumpur
415,subscriber415@example.com,56,Female,Kuala Lumpur
416,subscriber416@example.com,21,Female,Penang
417,subscriber417@example.com,23,Female,Selangor
418,subscriber418@example.com,62,Male,Selangor
419,subscriber419@example.com,49,Female,Penang
420,subscriber420@example.com,47,Male,Selangor
421,subscriber421@example.com,64,Female,Kuala Lumpur
422,subscriber422@example.com,52,Male,Penang
423,subscriber423@example.com,57,Female,Penang
424,subscriber424@example.com,33,Female,Selangor
425,subscriber425@example.com,30,Female,Penang
426,subscriber426@example.com,59,Female,Selangor
427,subscriber427@example.com,47,Female,Selangor
428,subscriber428@example.com,36,Male,Selangor
429,subscriber429@example.com,34,Female,Selangor
430,subscriber430@example.com,36,Female,Selangor
431,subscriber431@example.com,45,Female,Penang
432,subscriber432@example.com,43,Male,Kuala Lumpur
433,subscriber433@example.com,54,Female,Kuala Lumpur
434,subscriber434@example.com,43,Male,Penang
435,subscriber435@example.com,40,Female,Penang
436,subscriber436@example.com,26,Female,Kuala Lumpur
437,subscriber437@example.com,29,Male,Kuala Lumpur
438,subscriber438@example.com,18,Female,Kuala Lumpur
439,subscriber439@example.com,18,Male,Kuala Lumpur
440,subscriber440@example.com,64,Male,Kuala Lumpur
441,subscriber441@example.com,51,Female,Selangor
442,subscriber442@example.com,49,Male,Penang
443,subscriber443@example.com,42,Female,Selangor
444,subscriber444@example.com,57,Female,Kuala Lumpur
445,subscriber445@example.com,62,Male,Kuala Lumpur
446,subscriber446@example.com,18,Male,Kuala Lumpur
447,subscriber447@example.com,33,Male,Selangor
448,subscriber448@example.com,56,Male,Selangor
449,subscriber449@example.com,22,Female,Kuala Lumpur
450,subscriber450@example.com,39,Female,Selangor
451,subscriber451@example.com,46,Male,Selangor
452,subscriber452@example.com,20,Female,Kuala Lumpur
453,subscriber453@example.com,29,Female,Selangor
454,subscriber454@example.com,43,Female,Penang
455,subscriber455@example.com,33,Female,Penang
456,subscriber456@example.com,54,Male,Penang
457,subscriber457@example.com,39,Male,Penang
458,subscriber458@example.com,46,Female,Kuala Lumpur
459,subscriber459@example.com,31,Male,Kuala Lumpur
460,subscriber460@example.com,45,Male,Kuala Lumpur
461,subscriber461@example.com,22,Male,Penang
462,subscriber462@example.com,64,Female,Penang
463,subscriber463@example.com,47,Female,Selangor
464,subscriber464@example.com,63,Female,Selangor
465,subscriber465@example.com,22,Male,Penang
466,subscriber466@example.com,29,Female,Penang
467,subscriber467@example.com,33,Female,Penang
468,subscriber468@example.com,43,Male,Penang
469,subscriber469@example.com,43,Female,Selangor
470,subscriber470@example.com,38,Female,Penang
471,subscriber471@example.com,56,Male,Selangor
472,subscriber472@example.com,53,Male,Penang
473,subscriber473@example.com,50,Male,Penang
474,subscriber474@example.com,47,Female,Penang
475,subscriber475@example.com,54,Female,Selangor
476,subscriber476@example.com,40,Female,Selangor
477,subscriber477@example.com,27,Male,Kuala Lumpur
478,subscriber478@example.com,22,Male,Penang
479,subscriber479@example.com,53,Female,Kuala Lumpur
480,subscriber480@example.com,51,Female,Kuala Lumpur
481,subscriber481@example.com,48,Male,Selangor
482,subscriber482@example.com,27,Male,Selangor
483,subscriber483@example.com,36,Male,Kuala Lumpur
484,subscriber484@example.com,49,Male,Penang
485,subscriber485@example.com,18,Female,Selangor
486,subscriber486@example.com,22,Male,Penang
487,subscriber487@example.com,62,Female,Penang
488,subscriber488@example.com,21,Female,Kuala Lumpur
489,subscriber489@example.com,33,Female,Kuala Lumpur
490,subscriber490@example.com,41,Male,Kuala Lumpur
491,subscriber491@example.com,33,Male,Kuala Lumpur
492,subscriber492@example.com,19,Male,Selangor
493,subscriber493@example.com,45,Male,Selangor
494,subscriber494@example.com,49,Female,Kuala Lumpur
495,subscriber495@example.com,44,Male,Selangor
496,subscriber496@example.com,37,Male,Kuala Lumpur
497,subscriber497@example.com,41,Female,Penang
498,subscriber498@example.com,29,Male,Penang
499,subscriber499@example.com,52,Female,Penang
500,subscriber500@example.com,50,Female,Kuala Lumpur
501,subscriber501@example.com,50,Female,Penang
502,subscriber502@example.com,60,Female,Selangor
503,subscriber503@example.com,54,Female,Penang
504,subscriber504@example.com,29,Female,Penang
505,subscriber505@example.com,20,Female,Penang
506,subscriber506@example.com,18,Female,Selangor
507,subscriber507@example.com,50,Male,Kuala Lumpur
508,subscriber508@example.com,57,Male,Selangor
509,subscriber509@example.com,27,Male,Kuala Lumpur
510,subscriber510@example.com,60,Male,Kuala Lumpur
511,subscriber511@example.com,61,Female,Penang
512,subscriber512@example.com,46,Male,Kuala Lumpur
513,subscriber513@example.com,30,Female,Selangor
514,subscriber514@example.com,29,Male,Selangor
515,subscriber515@example.com,48,Male,Kuala Lumpur
516,subscriber516@example.com,63,Male,Penang
517,subscriber517@example.com,19,Female,Penang
518,subscriber518@example.com,52,Male,Selangor
519,subscriber519@example.com,40,Female,Penang
520,subscriber520@example.com,34,Female,Kuala Lumpur
521,subscriber521@example.com,43,Male,Kuala Lumpur
522,subscriber522@example.com,25,Male,Selangor
523,subscriber523@example.com,46,Male,Kuala Lumpur
524,subscriber524@example.com,43,Female,Selangor
525,subscriber525@example.com,27,Male,Kuala Lumpur
526,subscriber526@example.com,43,Female,Selangor
527,subscriber527@example.com,51,Female,Penang
528,subscriber528@example.com,58,Male,Kuala Lumpur
529,subscriber529@example.com,24,Male,Kuala Lumpur
530,subscriber530@example.com,21,Female,Selangor
531,subscriber531@example.com,62,Female,Selangor
532,subscriber532@example.com,28,Female,Kuala Lumpur
533,subscriber533@example.com,46,Male,Selangor
534,subscriber534@example.com,53,Female,Kuala Lumpur
535,subscriber535@example.com,42,Male,Penang
536,subscriber536@example.com,38,Female,Selangor
537,subscriber537@example.com,53,Female,Kuala Lumpur
538,subscriber538@example.com,27,Male,Penang
539,subscriber539@example.com,54,Female,Penang
540,subscriber540@example.com,26,Male,Kuala Lumpur
541,subscriber541@example.com,41,Male,Selangor
542,subscriber542@example.com,52,Female,Kuala Lumpur
543,subscriber543@example.com,52,Male,Penang
544,subscriber544@example.com,53,Male,Kuala Lumpur
545,subscriber545@example.com,35,Female,Selangor
546,subscriber546@example.com,56,Male,Penang
547,subscriber547@example.com,49,Male,Kuala Lumpur
548,subscriber548@example.com,41,Male,Selangor
549,subscriber549@example.com,40,Female,Penang
550,subscriber550@example.com,49,Male,Selangor
551,subscriber551@example.com,54,Female,Penang
552,subscriber552@example.com,29,Female,Kuala Lumpur
553,subscriber553@example.com,30,Male,Selangor
554,subscriber554@example.com,40,Male,Penang
555,subscriber555@example.com,42,Male,Selangor
556,subscriber556@example.com,52,Female,Selangor
557,subscriber557@example.com,58,Male,Kuala Lumpur
558,subscriber558@example.com,47,Male,Selangor
559,subscriber559@example.com,34,Male,Penang
560,subscriber560@example.com,37,Male,Penang
561,subscriber561@example.com,42,Male,Penang
562,subscriber562@example.com,39,Female,Penang
563,subscriber563@example.com,30,Female,Kuala Lumpur
564,subscriber564@example.com,36,Male,Selangor
565,subscriber565@example.com,53,Male,Kuala Lumpur
566,subscriber566@example.com,29,Male,Selangor
567,subscriber567@example.com,58,Male,Selangor
568,subscriber568@example.com,36,Female,Selangor
569,subscriber569@example.com,29,Male,Kuala Lumpur
570,subscriber570@example.com,26,Female,Selangor
571,subscriber571@example.com,24,Female,Kuala Lumpur
572,subscriber572@example.com,45,Male,Penang
573,subscriber573@example.com,31,Female,Penang
574,subscriber574@example.com,48,Female,Selangor
575,subscriber575@example.com,36,Female,Kuala Lumpur
576,subscriber576@example.com,64,Female,Penang
577,subscriber577@example.com,33,Male,Kuala Lumpur
578,subscriber578@example.com,22,Male,Kuala Lumpur
579,subscriber579@example.com,52,Female,Selangor
580,subscriber580@example.com,29,Male,Penang
581,subscriber581@example.com,42,Male,Selangor
582,subscriber582@example.com,38,Male,Selangor
583,subscriber583@example.com,53,Male,Penang
584,subscriber584@example.com,40,Male,Penang
585,subscriber585@example.com,33,Female,Kuala Lumpur
586,subscriber586@example.com,56,Male,Penang
587,subscriber587@example.com,62,Male,Kuala Lumpur
588,subscriber588@example.com,59,Male,Kuala Lumpur
589,subscriber589@example.com,56,Male,Kuala Lumpur
590,subscriber590@example.com,31,Female,Penang
591,subscriber591@example.com,48,Female,Selangor
592,subscriber592@example.com,22,Female,Kuala Lumpur
593,subscriber593@example.com,52,Female,Selangor
594,subscriber594@example.com,40,Male,Selangor
595,subscriber595@example.com,46,Female,Penang
596,subscriber596@example.com,60,Male,Selangor
597,subscriber597@example.com,28,Male,Selangor
598,subscriber598@example.com,35,Male,Penang
599,subscriber599@example.com,64,Male,Kuala Lumpur
600,subscriber600@example.com,29,Male,Selangor
601,subscriber601@example.com,26,Female,Penang
602,subscriber602@example.com,27,Female,Selangor
603,subscriber603@example.com,61,Female,Selangor
604,subscriber604@example.com,34,Female,Kuala Lumpur
605,subscriber605@example.com,55,Male,Selangor
606,subscriber606@example.com,24,Female,Penang
607,subscriber607@example.com,63,Male,Selangor
608,subscriber608@example.com,30,Female,Kuala Lumpur
609,subscriber609@example.com,57,Male,Kuala Lumpur
610,subscriber610@example.com,59,Male,Penang
611,subscriber611@example.com,26,Female,Kuala Lumpur
612,subscriber612@example.com,44,Male,Selangor
613,subscriber613@example.com,19,Male,Kuala Lumpur
614,subscriber614@example.com,22,Female,Penang
615,subscriber615@example.com,46,Male,Kuala Lumpur
616,subscriber616@example.com,54,Female,Kuala Lumpur
617,subscriber617@example.com,55,Female,Kuala Lumpur
618,subscriber618@example.com,36,Female,Penang
619,subscriber619@example.com,25,Male,Kuala Lumpur
620,subscriber620@example.com,62,Male,Kuala Lumpur
621,subscriber621@example.com,18,Male,Selangor
622,subscriber622@example.com,39,Female,Penang
623,subscriber623@example.com,34,Male,Kuala Lumpur
624,subscriber624@example.com,24,Female,Penang
625,subscriber625@example.com,42,Female,Kuala Lumpur
626,subscriber626@example.com,62,Male,Kuala Lumpur
627,subscriber627@example.com,21,Female,Kuala Lumpur
628,subscriber628@example.com,53,Male,Selangor
629,subscriber629@example.com,23,Male,Selangor
630,subscriber630@example.com,48,Male,Selangor
631,subscriber631@example.com,36,Male,Penang
632,subscriber632@example.com,61,Male,Penang
633,subscriber633@example.com,56,Female,Selangor
634,subscriber634@example.com,44,Female,Penang
635,subscriber635@example.com,27,Female,Kuala Lumpur
636,subscriber636@example.com,43,Male,Kuala Lumpur
637,subscriber637@example.com,36,Male,Kuala Lumpur
638,subscriber638@example.com,56,Male,Selangor
639,subscriber639@example.com,20,Female,Penang
640,subscriber640@example.com,62,Male,Selangor
641,subscriber641@example.com,30,Female,Penang
642,subscriber642@example.com,45,Female,Kuala Lumpur
643,subscriber643@example.com,37,Male,Selangor
644,subscriber644@example.com,45,Male,Penang
645,subscriber645@example.com,25,Female,Penang
646,subscriber646@example.com,58,Male,Kuala Lumpur
647,subscriber647@example.com,56,Female,Selangor
648,subscriber648@example.com,18,Male,Selangor
649,subscriber649@example.com,20,Male,Selangor
650,subscriber650@example.com,30,Female,Kuala Lumpur
651,subscriber651@example.com,45,Male,Selangor
652,subscriber652@example.com,42,Female,Kuala Lumpur
653,subscriber653@example.com,50,Male,Kuala Lumpur
654,subscriber654@example.com,55,Female,Kuala Lumpur
655,subscriber655@example.com,23,Female,Penang
656,subscriber656@example.com,61,Male,Selangor
657,subscriber657@example.com,62,Female,Selangor
658,subscriber658@example.com,49,Male,Kuala Lumpur
659,subscriber659@example.com,62,Male,Kuala Lumpur
660,subscriber660@example.com,64,Male,Selangor
661,subscriber661@example.com,38,Female,Kuala Lumpur
662,subscriber662@example.com,33,Female,Selangor
663,subscriber663@example.com,38,Male,Penang
664,subscriber664@example.com,28,Male,Kuala Lumpur
665,subscriber665@example.com,54,Female,Selangor
666,subscriber666@example.com,53,Male,Kuala Lumpur
667,subscriber667@example.com,52,Male,Selangor
668,subscriber668@example.com,36,Female,Selangor
669,subscriber669@example.com,37,Male,Kuala Lumpur
670,subscriber670@example.com,35,Female,Penang
671,subscriber671@example.com,64,Male,Selangor
672,subscriber672@example.com,58,Female,Selangor
673,subscriber673@example.com,31,Male,Selangor
674,subscriber674@example.com,32,Male,Penang
675,subscriber675@example.com,48,Female,Penang
676,subscriber676@example.com,18,Male,Kuala Lumpur
677,subscriber677@example.com,20,Female,Penang
678,subscriber678@example.com,33,Male,Kuala Lumpur
679,subscriber679@example.com,40,Female,Kuala Lumpur
680,subscriber680@example.com,28,Female,Penang
681,subscriber681@example.com,29,Female,Kuala Lumpur
682,subscriber682@example.com,27,Female,Penang
683,subscriber683@example.com,49,Male,Kuala Lumpur
684,subscriber684@example.com,33,Male,Penang
685,subscriber685@example.com,25,Female,Penang
686,subscriber686@example.com,55,Female,Kuala Lumpur
687,subscriber687@example.com,29,Female,Selangor
688,subscriber688@example.com,41,Male,Kuala Lumpur
689,subscriber689@example.com,45,Male,Penang
690,subscriber690@example.com,25,Male,Selangor
691,subscriber691@example.com,45,Male,Kuala Lumpur
692,subscriber692@example.com,53,Female,Kuala Lumpur
693,subscriber693@example.com,43,Female,Kuala Lumpur
694,subscriber694@example.com,25,Female,Selangor
695,subscriber695@example.com,45,Male,Penang
696,subscriber696@example.com,45,Male,Kuala Lumpur
697,subscriber697@example.com,54,Male,Kuala Lumpur
698,subscriber698@example.com,58,Female,Kuala Lumpur
699,subscriber699@example.com,53,Female,Kuala Lumpur
700,subscriber700@example.com,44,Male,Kuala Lumpur
701,subscriber701@example.com,34,Female,Penang
702,subscriber702@example.com,26,Male,Penang
703,subscriber703@example.com,50,Male,Kuala Lumpur
704,subscriber704@example.com,37,Female,Selangor
705,subscriber705@example.com,30,Male,Penang
706,subscriber706@example.com,45,Female,Selangor
707,subscriber707@example.com,46,Male,Penang
708,subscriber708@example.com,30,Female,Kuala Lumpur
709,subscriber709@example.com,63,Female,Penang
710,subscriber710@example.com,52,Female,Kuala Lumpur
711,subscriber711@example.com,23,Male,Penang
712,subscriber712@example.com,35,Male,Kuala Lumpur
713,subscriber713@example.com,22,Female,Kuala Lumpur
714,subscriber714@example.com,64,Female,Kuala Lumpur
715,subscriber715@example.com,42,Male,Kuala Lumpur
716,subscriber716@example.com,19,Male,Selangor
717,subscriber717@example.com,27,Male,Kuala Lumpur
718,subscriber718@example.com,47,Female,Selangor
719,subscriber719@example.com,62,Male,Selangor
720,subscriber720@example.com,22,Male,Kuala Lumpur
721,subscriber721@example.com,50,Female,Selangor
722,subscriber722@example.com,18,Male,Penang
723,subscriber723@example.com,35,Male,Kuala Lumpur
724,subscriber724@example.com,49,Male,Selangor
725,subscriber725@example.com,64,Female,Kuala Lumpur
726,subscriber726@example.com,28,Female,Kuala Lumpur
727,subscriber727@example.com,38,Female,Kuala Lumpur
728,subscriber728@example.com,43,Female,Selangor
729,subscriber729@example.com,42,Female,Penang
730,subscriber730@example.com,39,Female,Penang
731,subscriber731@example.com,44,Female,Selangor
732,subscriber732@example.com,30,Male,Kuala Lumpur
733,subscriber733@example.com,50,Male,Selangor
734,subscriber734@example.com,51,Female,Selangor
735,subscriber735@example.com,58,Male,Selangor
736,subscriber736@example.com,52,Male,Kuala Lumpur
737,subscriber737@example.com,18,Female,Selangor
738,subscriber738@example.com,38,Male,Kuala Lumpur
739,subscriber739@example.com,23,Male,Selangor
740,subscriber740@example.com,45,Male,Penang
741,subscriber741@example.com,34,Male,Selangor
742,subscriber742@example.com,22,Male,Selangor
743,subscriber743@example.com,48,Female,Penang
744,subscriber744@example.com,22,Female,Kuala Lumpur
745,subscriber745@example.com,55,Female,Kuala Lumpur
746,subscriber746@example.com,20,Male,Selangor
747,subscriber747@example.com,40,Female,Penang
748,subscriber748@example.com,54,Male,Kuala Lumpur
749,subscriber749@example.com,54,Male,Selangor
750,subscriber750@example.com,27,Male,Penang
751,subscriber751@example.com,27,Male,Kuala Lumpur
752,subscriber752@example.com,36,Female,Kuala Lumpur
753,subscriber753@example.com,34,Female,Penang
754,subscriber754@example.com,38,Male,Penang
755,subscriber755@example.com,31,Female,Penang
756,subscriber756@example.com,26,Male,Penang
757,subscriber757@example.com,63,Female,Selangor
758,subscriber758@example.com,18,Female,Penang
759,subscriber759@example.com,62,Male,Kuala Lumpur
760,subscriber760@example.com,30,Female,Kuala Lumpur
761,subscriber761@example.com,21,Male,Selangor
762,subscriber762@example.com,18,Female,Kuala Lumpur
763,subscriber763@example.com,57,Male,Kuala Lumpur
764,subscriber764@example.com,49,Male,Penang
765,subscriber765@example.com,51,Female,Kuala Lumpur
766,subscriber766@example.com,45,Female,Selangor
767,subscriber767@example.com,48,Male,Penang
768,subscriber768@example.com,25,Female,Penang
769,subscriber769@example.com,56,Female,Selangor
770,subscriber770@example.com,43,Male,Penang
771,subscriber771@example.com,51,Male,Penang
772,subscriber772@example.com,20,Female,Selangor
773,subscriber773@example.com,29,Male,Penang
774,subscriber774@example.com,18,Male,Selangor
775,subscriber775@example.com,61,Male,Selangor
776,subscriber776@example.com,22,Female,Kuala Lumpur
777,subscriber777@example.com,47,Female,Kuala Lumpur
778,subscriber778@example.com,47,Male,Penang
779,subscriber779@example.com,34,Female,Penang
780,subscriber780@example.com,64,Male,Selangor
781,subscriber781@example.com,40,Female,Penang
782,subscriber782@example.com,32,Male,Selangor
783,subscriber783@example.com,54,Male,Selangor
784,subscriber784@example.com,38,Female,Penang
785,subscriber785@example.com,31,Male,Selangor
786,subscriber786@example.com,19,Female,Kuala Lumpur
787,subscriber787@example.com,28,Female,Penang
788,subscriber788@example.com,56,Male,Kuala Lumpur
789,subscriber789@example.com,55,Male,Penang
790,subscriber790@example.com,51,Female,Selangor
791,subscriber791@example.com,55,Male,Penang
792,subscriber792@example.com,51,Male,Kuala Lumpur
793,subscriber793@example.com,35,Male,Selangor
794,subscriber794@example.com,47,Male,Penang
795,subscriber795@example.com,32,Male,Penang
796,subscriber796@example.com,44,Female,Penang
797,subscriber797@example.com,51,Female,Kuala Lumpur
798,subscriber798@example.com,55,Male,Kuala Lumpur
799,subscriber799@example.com,50,Male,Penang
800,subscriber800@example.com,41,Male,Selangor
801,subscriber801@example.com,32,Female,Selangor
802,subscriber802@example.com,47,Male,Kuala Lumpur
803,subscriber803@example.com,59,Female,Selangor
804,subscriber804@example.com,34,Female,Kuala Lumpur
805,subscriber805@example.com,22,Female,Penang
806,subscriber806@example.com,46,Male,Kuala Lumpur
807,subscriber807@example.com,21,Female,Kuala Lumpur
808,subscriber808@example.com,27,Male,Penang
809,subscriber809@example.com,34,Female,Selangor
810,subscriber810@example.com,27,Male,Kuala Lumpur
811,subscriber811@example.com,34,Female,Kuala Lumpur
812,subscriber812@example.com,37,Male,Penang
813,subscriber813@example.com,41,Female,Selangor
814,subscriber814@example.com,22,Male,Kuala Lumpur
815,subscriber815@example.com,51,Male,Penang
816,subscriber816@example.com,23,Male,Kuala Lumpur
817,subscriber817@example.com,19,Male,Penang
818,subscriber818@example.com,30,Female,Selangor
819,subscriber819@example.com,60,Female,Selangor
820,subscriber820@example.com,60,Male,Selangor
821,subscriber821@example.com,28,Female,Selangor
822,subscriber822@example.com,64,Male,Kuala Lumpur
823,subscriber823@example.com,40,Male,Kuala Lumpur
824,subscriber824@example.com,33,Female,Selangor
825,subscriber825@example.com,48,Male,Selangor
826,subscriber826@example.com,28,Male,Selangor
827,subscriber827@example.com,33,Female,Kuala Lumpur
828,subscriber828@example.com,25,Male,Selangor
829,subscriber829@example.com,21,Male,Selangor
830,subscriber830@example.com,57,Male,Selangor
831,subscriber831@example.com,21,Male,Penang
832,subscriber832@example.com,42,Female,Selangor
833,subscriber833@example.com,20,Female,Penang
834,subscriber834@example.com,49,Female,Penang
835,subscriber835@example.com,20,Male,Selangor
836,subscriber836@example.com,44,Male,Penang
837,subscriber837@example.com,46,Female,Selangor
838,subscriber838@example.com,49,Male,Kuala Lumpur
839,subscriber839@example.com,36,Male,Kuala Lumpur
840,subscriber840@example.com,38,Male,Kuala Lumpur
841,subscriber841@example.com,22,Male,Kuala Lumpur
842,subscriber842@example.com,35,Female,Penang
843,subscriber843@example.com,45,Female,Selangor
844,subscriber844@example.com,59,Female,Selangor
845,subscriber845@example.com,39,Male,Selangor
846,subscriber846@example.com,38,Female,Kuala Lumpur
847,subscriber847@example.com,23,Female,Kuala Lumpur
848,subscriber848@example.com,18,Male,Selangor
849,subscriber849@example.com,22,Male,Kuala Lumpur
850,subscriber850@example.com,58,Female,Selangor
851,subscriber851@example.com,29,Female,Selangor
852,subscriber852@example.com,43,Female,Selangor
853,subscriber853@example.com,63,Female,Selangor
854,subscriber854@example.com,51,Male,Selangor
855,subscriber855@example.com,31,Female,Selangor
856,subscriber856@example.com,43,Female,Selangor
857,subscriber857@example.com,62,Male,Kuala Lumpur
858,subscriber858@example.com,44,Female,Selangor
859,subscriber859@example.com,26,Male,Selangor
860,subscriber860@example.com,43,Male,Kuala Lumpur
861,subscriber861@example.com,64,Male,Kuala Lumpur
862,subscriber862@example.com,39,Female,Kuala Lumpur
863,subscriber863@example.com,64,Female,Selangor
864,subscriber864@example.com,47,Male,Penang
865,subscriber865@example.com,60,Female,Penang
866,subscriber866@example.com,34,Female,Kuala Lumpur
867,subscriber867@example.com,43,Male,Penang
868,subscriber868@example.com,53,Male,Kuala Lumpur
869,subscriber869@example.com,18,Female,Selangor
870,subscriber870@example.com,25,Male,Penang
871,subscriber871@example.com,52,Female,Selangor
872,subscriber872@example.com,32,Female,Penang
873,subscriber873@example.com,64,Female,Selangor
874,subscriber874@example.com,39,Female,Penang
875,subscriber875@example.com,31,Male,Selangor
876,subscriber876@example.com,43,Male,Selangor
877,subscriber877@example.com,45,Male,Penang
878,subscriber878@example.com,40,Male,Selangor
879,subscriber879@example.com,31,Female,Selangor
880,subscriber880@example.com,41,Female,Selangor
881,subscriber881@example.com,19,Male,Penang
882,subscriber882@example.com,62,Female,Penang
883,subscriber883@example.com,43,Female,Selangor
884,subscriber884@example.com,31,Female,Selangor
885,subscriber885@example.com,24,Male,Penang
886,subscriber886@example.com,20,Male,Penang
887,subscriber887@example.com,64,Male,Selangor
888,subscriber888@example.com,40,Female,Selangor
889,subscriber889@example.com,63,Male,Selangor
890,subscriber890@example.com,60,Male,Kuala Lumpur
891,subscriber891@example.com,64,Male,Penang
892,subscriber892@example.com,62,Male,Kuala Lumpur
893,subscriber893@example.com,35,Male,Penang
894,subscriber894@example.com,55,Male,Penang
895,subscriber895@example.com,52,Female,Penang
896,subscriber896@example.com,32,Female,Penang
897,subscriber897@example.com,42,Male,Penang
898,subscriber898@example.com,54,Male,Penang
899,subscriber899@example.com,45,Female,Penang
900,subscriber900@example.com,27,Female,Kuala Lumpur
901,subscriber901@example.com,56,Male,Selangor
902,subscriber902@example.com,34,Male,Selangor
903,subscriber903@example.com,56,Male,Kuala Lumpur
904,subscriber904@example.com,39,Male,Kuala Lumpur
905,subscriber905@example.com,43,Female,Kuala Lumpur
906,subscriber906@example.com,61,Male,Kuala Lumpur
907,subscriber907@example.com,42,Male,Penang
908,subscriber908@example.com,34,Male,Selangor
909,subscriber909@example.com,30,Male,Penang
910,subscriber910@example.com,37,Female,Selangor
911,subscriber911@example.com,42,Female,Selangor
912,subscriber912@example.com,21,Female,Kuala Lumpur
913,subscriber913@example.com,27,Male,Penang
914,subscriber914@example.com,20,Male,Kuala Lumpur
915,subscriber915@example.com,58,Female,Penang
916,subscriber916@example.com,62,Male,Selangor
917,subscriber917@example.com,35,Male,Kuala Lumpur
918,subscriber918@example.com,64,Female,Kuala Lumpur
919,subscriber919@example.com,53,Female,Selangor
920,subscriber920@example.com,64,Female,Selangor
921,subscriber921@example.com,39,Female,Selangor
922,subscriber922@example.com,51,Male,Kuala Lumpur
923,subscriber923@example.com,64,Male,Penang
924,subscriber924@example.com,25,Female,Kuala Lumpur
925,subscriber925@example.com,57,Male,Penang
926,subscriber926@example.com,61,Female,Kuala Lumpur
927,subscriber927@example.com,36,Female,Kuala Lumpur
928,subscriber928@example.com,59,Male,Selangor
929,subscriber929@example.com,58,Female,Penang
930,subscriber930@example.com,54,Male,Kuala Lumpur
931,subscriber931@example.com,23,Male,Kuala Lumpur
932,subscriber932@example.com,43,Male,Selangor
933,subscriber933@example.com,51,Male,Selangor
934,subscriber934@example.com,62,Female,Penang
935,subscriber935@example.com,23,Male,Kuala Lumpur
936,subscriber936@example.com,54,Female,Penang
937,subscriber937@example.com,50,Female,Kuala Lumpur
938,subscriber938@example.com,39,Female,Penang
939,subscriber939@example.com,38,Female,Selangor
940,subscriber940@example.com,23,Male,Kuala Lumpur
941,subscriber941@example.com,23,Male,Penang
942,subscriber942@example.com,21,Female,Selangor
943,subscriber943@example.com,47,Female,Selangor
944,subscriber944@example.com,28,Male,Penang
945,subscriber945@example.com,47,Female,Kuala Lumpur
946,subscriber946@example.com,48,Male,Kuala Lumpur
947,subscriber947@example.com,41,Female,Selangor
948,subscriber948@example.com,26,Male,Kuala Lumpur
949,subscriber949@example.com,20,Female,Kuala Lumpur
950,subscriber950@example.com,48,Female,Kuala Lumpur
951,subscriber951@example.com,57,Male,Selangor
952,subscriber952@example.com,54,Female,Penang
953,subscriber953@example.com,53,Female,Kuala Lumpur
954,subscriber954@example.com,41,Male,Selangor
955,subscriber955@example.com,48,Female,Selangor
956,subscriber956@example.com,23,Male,Penang
957,subscriber957@example.com,19,Male,Kuala Lumpur
958,subscriber958@example.com,37,Female,Kuala Lumpur
959,subscriber959@example.com,45,Female,Penang
960,subscriber960@example.com,28,Female,Penang
961,subscriber961@example.com,21,Female,Selangor
962,subscriber962@example.com,32,Female,Selangor
963,subscriber963@example.com,23,Female,Penang
964,subscriber964@example.com,47,Female,Kuala Lumpur
965,subscriber965@example.com,55,Male,Selangor
966,subscriber966@example.com,19,Female,Selangor
967,subscriber967@example.com,32,Male,Kuala Lumpur
968,subscriber968@example.com,28,Female,Selangor
969,subscriber969@example.com,25,Female,Kuala Lumpur
970,subscriber970@example.com,43,Male,Kuala Lumpur
971,subscriber971@example.com,62,Female,Kuala Lumpur
972,subscriber972@example.com,61,Female,Penang
973,subscriber973@example.com,22,Male,Penang
974,subscriber974@example.com,23,Female,Penang
975,subscriber975@example.com,43,Female,Kuala Lumpur
976,subscriber976@example.com,21,Female,Kuala Lumpur
977,subscriber977@example.com,36,Male,Penang
978,subscriber978@example.com,37,Female,Selangor
979,subscriber979@example.com,50,Female,Kuala Lumpur
980,subscriber980@example.com,37,Female,Selangor
981,subscriber981@example.com,29,Female,Selangor
982,subscriber982@example.com,64,Male,Kuala Lumpur
983,subscriber983@example.com,18,Male,Kuala Lumpur
984,subscriber984@example.com,43,Female,Selangor
985,subscriber985@example.com,31,Female,Selangor
986,subscriber986@example.com,55,Male,Penang
987,subscriber987@example.com,54,Male,Penang
988,subscriber988@example.com,28,Female,Kuala Lumpur
989,subscriber989@example.com,53,Male,Penang
990,subscriber990@example.com,30,Female,Penang
991,subscriber991@example.com,60,Male,Penang
992,subscriber992@example.com,20,Male,Penang
993,subscriber993@example.com,50,Male,Selangor
994,subscriber994@example.com,23,Male,Kuala Lumpur
995,subscriber995@example.com,27,Female,Penang
996,subscriber996@example.com,22,Male,Selangor
997,subscriber997@example.com,40,Male,Selangor
998,subscriber998@example.com,27,Female,Selangor
999,subscriber999@example.com,61,Male,Penang
1000,subscriber1000@example.com,19,Male,Penang
